chunk_size,beta,gamma,runtime_sec_mean,runtime_sec_std,memory_mean,memory_std,cost_sse_mean,cost_sse_std,quality_mean,quality_std,num_phases_mean,final_summary_size_mean,final_lower_bound_mean,avg_update_ms_mean,avg_update_ms_std,points_seen_mean,ari_mean,nmi_mean
4092,1.5,0.25,87.03727879999981,5.160152510549356,216362.66666666666,2018.8921054215232,34079.598199139786,1567.400787150723,0.7578961468520681,0.0034658515786473733,12.0,2458.6666666666665,52.66300545379656,8.703727879999981,0.5160152510549351,10000.0,0.6188612031733377,0.7578961468520681
4092,1.5,0.5,84.01914313333327,5.34880746089669,210144.0,1102.6368395804668,33172.23534499519,0.6704046500284007,0.7569370572429174,0.0005925439087108301,12.0,2388.0,52.66300545379656,8.401914313333327,0.5348807460896688,10000.0,0.6231946790248774,0.7569370572429174
4092,1.5,1.0,89.82824020000044,9.832277739454536,301106.6666666667,2930.9857272483173,33170.2506393574,0.5679764291632524,0.7570264944585192,0.0003346335480732186,11.0,3421.6666666666665,35.10867030253104,8.982824020000043,0.9832277739454537,10000.0,0.6234690511136233,0.7570264944585192
4092,3.0,0.25,74.30642949999917,2.963615216913556,187821.33333333334,3759.704952962839,33173.63284194351,2.560186394882475,0.7572968569160995,0.0006769768347629063,6.0,2134.3333333333335,73.97382384730818,7.430642949999917,0.2963615216913552,10000.0,0.6238375695556365,0.7572968569160995
4092,3.0,0.5,56.67945543333311,7.939101919959775,428912.0,2080.5999134864924,33170.20550582276,1.4680158416363986,0.757684755226078,0.0006311549442901148,5.0,4874.0,24.65794128243606,5.66794554333331,0.7939101919959772,10000.0,0.6247728940064011,0.757684755226078
4092,3.0,1.0,76.14218923333222,13.624207933951633,429909.3333333333,1806.323706685297,33170.94752344804,1.3977079302774509,0.7566221714930202,0.0006016004782189112,5.0,4885.333333333333,24.65794128243606,7.6142189233332225,1.3624207933951633,10000.0,0.62244054387972,0.7566221714930202
4092,5.0,0.25,99.260566933334,27.664001311569475,457248.0,2482.7855324211955,33172.84347789015,1.6984360875576363,0.7561915937374458,0.001391588041589254,4.0,5196.0,22.831427113366725,9.9260566933334,2.766400131156948,10000.0,0.6211391330641441,0.7561915937374458
4092,5.0,0.5,112.83816800000083,25.260016661844816,457365.3333333333,2678.34376683302,33169.75531707512,1.8433669152307133,0.7564653902266097,0.0009940567197350317,4.0,5197.333333333333,22.831427113366725,11.283816800000082,2.5260016661844813,10000.0,0.6224582196169322,0.7564653902266097
4092,5.0,1.0,134.99543780000022,12.592989692532964,458597.3333333333,1881.9110853951902,33169.22572194982,1.7910248279821004,0.756549912231561,0.0007480504332670843,4.0,5211.333333333333,22.831427113366725,13.499543780000023,1.2592989692532963,10000.0,0.6224030105991583,0.756549912231561
